[
  {
    "name": "ADMINISTRAÇÃO"
  },
  {
    "name": "AGRONOMIA"
  },
  {
    "name": "ARQUITETURA E URBANISMO"
  },
  {
    "name": "ARQUIVOLOGIA"
  },
  {
    "name": "ARTES CÊNICAS"
  },
  {
    "name": "ARTES VISUAIS"
  },
  {
    "name": "BIBLIOTECONOMIA"
  },
  {
    "name": "BIOTECNOLOGIA"
  },
  {
    "name": "CIÊNCIA DA COMPUTAÇÃO"
  },
  {
    "name": "CIÊNCIA POLÍTICA"
  },
  {
    "name": "CIÊNCIAS AMBIENTAIS"
  },
  {
    "name": "CIÊNCIAS BIOLÓGICAS"
  },
  {
    "name": "CIÊNCIAS CONTÁBEIS"
  },
  {
    "name": "CIÊNCIAS ECONÔMICAS"
  },
  {
    "name": "CIÊNCIAS NATURAIS"
  },
  {
    "name": "CIÊNCIAS SOCIAIS"
  },
  {
    "name": "COMUNICAÇÃO SOCIAL"
  },
  {
    "name": "DESENHO INDUSTRIAL"
  },
  {
    "name": "DESIGN"
  },
  {
    "name": "DIREITO"
  },
  {
    "name": "EDUCAÇÃO ARTÍSTICA"
  },
  {
    "name": "EDUCAÇÃO DO CAMPO"
  },
  {
    "name": "EDUCAÇÃO FÍSICA"
  },
  {
    "name": "ENFERMAGEM"
  },
  {
    "name": "ENGENHARIA"
  },
  {
    "name": "ENGENHARIA AEROESPACIAL"
  },
  {
    "name": "ENGENHARIA AMBIENTAL"
  },
  {
    "name": "ENGENHARIA AUTOMOTIVA"
  },
  {
    "name": "ENGENHARIA CIVIL"
  },
  {
    "name": "ENGENHARIA DE COMPUTAÇÃO"
  },
  {
    "name": "ENGENHARIA DE ENERGIA"
  },
  {
    "name": "ENGENHARIA DE PRODUÇÃO"
  },
  {
    "name": "ENGENHARIA DE REDES DE COMUNICAÇÃO"
  },
  {
    "name": "ENGENHARIA DE SOFTWARE"
  },
  {
    "name": "ENGENHARIA ELÉTRICA"
  },
  {
    "name": "ENGENHARIA ELETRÔNICA"
  },
  {
    "name": "ENGENHARIA FLORESTAL"
  },
  {
    "name": "ENGENHARIA MECÂNICA"
  },
  {
    "name": "ENGENHARIA MECATRÔNICA"
  },
  {
    "name": "ENGENHARIA QUÍMICA"
  },
  {
    "name": "ESTATÍSTICA"
  },
  {
    "name": "FARMÁCIA"
  },
  {
    "name": "FILOSOFIA"
  },
  {
    "name": "FÍSICA"
  },
  {
    "name": "FÍSICA COMPUTACIONAL"
  },
  {
    "name": "FISIOTERAPIA"
  },
  {
    "name": "FONOAUDIOLOGIA"
  },
  {
    "name": "GEOFÍSICA"
  },
  {
    "name": "GEOGRAFIA"
  },
  {
    "name": "GEOLOGIA"
  },
  {
    "name": "GESTÃO AMBIENTAL"
  },
  {
    "name": "GESTÃO DE AGRONEGÓCIOS"
  },
  {
    "name": "GESTÃO DE POLÍTICAS PÚBLICAS"
  },
  {
    "name": "GESTÃO DO AGRONEGÓCIO"
  },
  {
    "name": "HISTÓRIA"
  },
  {
    "name": "JORNALISMO"
  },
  {
    "name": "LETRAS"
  },
  {
    "name": "LÍNGUA DE SINAIS BRASILEIRA"
  },
  {
    "name": "LÍNGUAS ESTRANGEIRAS APLICADAS"
  },
  {
    "name": "MATEMÁTICA"
  },
  {
    "name": "MEDICINA"
  },
  {
    "name": "MEDICINA VETERINÁRIA"
  },
  {
    "name": "MUSEOLOGIA"
  },
  {
    "name": "MÚSICA"
  },
  {
    "name": "NUTRIÇÃO"
  },
  {
    "name": "ODONTOLOGIA"
  },
  {
    "name": "PEDAGOGIA"
  },
  {
    "name": "PSICOLOGIA"
  },
  {
    "name": "QUÍMICA"
  },
  {
    "name": "QUÍMICA TECNOLÓGICA"
  },
  {
    "name": "RELAÇÕES INTERNACIONAIS"
  },
  {
    "name": "SAÚDE COLETIVA"
  },
  {
    "name": "SERVIÇO SOCIAL"
  },
  {
    "name": "TEATRO"
  },
  {
    "name": "TEORIA, CRÍTICA E HISTÓRIA DA ARTE"
  },
  {
    "name": "TERAPIA OCUPACIONAL"
  },
  {
    "name": "TURISMO"
  }
]